tm,tn,tk,working_set_kib,l1d_fraction,ms,gflops,bit_exact
16,16,8,2,0.02,8.2458,32.55,yes
16,16,32,5,0.04,8.2352,32.60,yes
16,16,128,17,0.13,8.8622,30.29,yes
16,16,512,65,0.51,8.9318,30.05,yes
16,64,8,6,0.05,7.5742,35.44,yes
16,64,32,14,0.11,7.8619,34.14,yes
16,64,128,44,0.34,8.7979,30.51,yes
16,64,512,164,1.28,9.0560,29.64,yes
16,128,8,12,0.10,7.4059,36.25,yes
16,128,32,26,0.20,7.9814,33.63,yes
16,128,128,80,0.62,8.8306,30.40,yes
16,128,512,296,2.31,9.1893,29.21,yes
16,512,8,48,0.38,7.6530,35.08,yes
16,512,32,98,0.77,7.8756,34.08,yes
16,512,128,296,2.31,8.7878,30.55,yes
16,512,512,1088,8.50,8.9824,29.88,yes
64,16,8,6,0.05,8.6902,30.89,yes
64,16,32,14,0.11,8.1373,32.99,yes
64,16,128,44,0.34,9.0199,29.76,yes
64,16,512,164,1.28,9.0763,29.58,yes
64,64,8,20,0.16,7.7782,34.51,yes
64,64,32,32,0.25,7.7895,34.46,yes
64,64,128,80,0.62,8.8970,30.17,yes
64,64,512,272,2.12,9.0194,29.76,yes
64,128,8,38,0.30,7.8012,34.41,yes
64,128,32,56,0.44,7.7836,34.49,yes
64,128,128,128,1.00,8.8210,30.43,yes
64,128,512,416,3.25,9.0350,29.71,yes
64,512,8,146,1.14,7.5379,35.61,yes
64,512,32,200,1.56,7.7558,34.61,yes
64,512,128,416,3.25,8.8054,30.49,yes
64,512,512,1280,10.00,9.0484,29.67,yes
256,16,8,24,0.19,8.5971,31.22,yes
256,16,32,50,0.39,7.9253,33.87,yes
256,16,128,152,1.19,9.1351,29.38,yes
256,16,512,560,4.38,9.2103,29.15,yes
256,64,8,74,0.58,7.6617,35.04,yes
256,64,32,104,0.81,7.7293,34.73,yes
256,64,128,224,1.75,8.9023,30.15,yes
256,64,512,704,5.50,9.0287,29.73,yes
256,128,8,140,1.09,7.7456,34.66,yes
256,128,32,176,1.38,7.8870,34.04,yes
256,128,128,320,2.50,9.0333,29.72,yes
256,128,512,896,7.00,9.0197,29.76,yes
256,512,8,536,4.19,7.4639,35.96,yes
256,512,32,608,4.75,7.6831,34.94,yes
256,512,128,896,7.00,8.7821,30.57,yes
256,512,512,2048,16.00,9.0320,29.72,yes
